repo_root,path_rel,name,ext,parent,depth,size_bytes,mtime_iso,git_tracked
/Users/bastt/Library/CloudStorage/OneDrive-ASKERİFABRİKAVETERSANEİŞLETMEA.Ş(ASFAT)/kisiselAlan/AKU_Doktora/gitReview/OWISAC_PRISMA_Review,CITATION.cff,CITATION.cff,.cff,.,0,323,2025-09-26T04:25:24+00:00,yes
/Users/bastt/Library/CloudStorage/OneDrive-ASKERİFABRİKAVETERSANEİŞLETMEA.Ş(ASFAT)/kisiselAlan/AKU_Doktora/gitReview/OWISAC_PRISMA_Review,CONTRIBUTING.md,CONTRIBUTING.md,.md,.,0,948,2025-09-26T04:25:24+00:00,yes
/Users/bastt/Library/CloudStorage/OneDrive-ASKERİFABRİKAVETERSANEİŞLETMEA.Ş(ASFAT)/kisiselAlan/AKU_Doktora/gitReview/OWISAC_PRISMA_Review,LICENSE,LICENSE,,.,0,1194,2025-09-26T04:25:24+00:00,yes
/Users/bastt/Library/CloudStorage/OneDrive-ASKERİFABRİKAVETERSANEİŞLETMEA.Ş(ASFAT)/kisiselAlan/AKU_Doktora/gitReview/OWISAC_PRISMA_Review,README.bak.20250926132957,README.bak.20250926132957,.20250926132957,.,0,22782,2025-09-26T10:29:57.594335+00:00,no
/Users/bastt/Library/CloudStorage/OneDrive-ASKERİFABRİKAVETERSANEİŞLETMEA.Ş(ASFAT)/kisiselAlan/AKU_Doktora/gitReview/OWISAC_PRISMA_Review,README.bak.20250926133111,README.bak.20250926133111,.20250926133111,.,0,22782,2025-09-26T10:31:11.579322+00:00,no
/Users/bastt/Library/CloudStorage/OneDrive-ASKERİFABRİKAVETERSANEİŞLETMEA.Ş(ASFAT)/kisiselAlan/AKU_Doktora/gitReview/OWISAC_PRISMA_Review,README.md,README.md,.md,.,0,23792,2025-09-28T21:02:28.800418+00:00,yes
/Users/bastt/Library/CloudStorage/OneDrive-ASKERİFABRİKAVETERSANEİŞLETMEA.Ş(ASFAT)/kisiselAlan/AKU_Doktora/gitReview/OWISAC_PRISMA_Review,file_inventory.csv,file_inventory.csv,.csv,.,0,6608,2025-09-30T15:20:11.079046+00:00,yes
/Users/bastt/Library/CloudStorage/OneDrive-ASKERİFABRİKAVETERSANEİŞLETMEA.Ş(ASFAT)/kisiselAlan/AKU_Doktora/gitReview/OWISAC_PRISMA_Review,requirements.txt,requirements.txt,.txt,.,0,48,2025-09-27T22:59:43.565489+00:00,yes
/Users/bastt/Library/CloudStorage/OneDrive-ASKERİFABRİKAVETERSANEİŞLETMEA.Ş(ASFAT)/kisiselAlan/AKU_Doktora/gitReview/OWISAC_PRISMA_Review,supplementary_material.md,supplementary_material.md,.md,.,0,334,2025-09-27T22:49:23.775337+00:00,yes
/Users/bastt/Library/CloudStorage/OneDrive-ASKERİFABRİKAVETERSANEİŞLETMEA.Ş(ASFAT)/kisiselAlan/AKU_Doktora/gitReview/OWISAC_PRISMA_Review,config/review.yml,review.yml,.yml,config,1,2226,2025-09-30T21:08:42.353913+00:00,yes
/Users/bastt/Library/CloudStorage/OneDrive-ASKERİFABRİKAVETERSANEİŞLETMEA.Ş(ASFAT)/kisiselAlan/AKU_Doktora/gitReview/OWISAC_PRISMA_Review,data/automation_log.csv,automation_log.csv,.csv,data,1,40,2025-10-01T20:34:09.061666+00:00,yes
/Users/bastt/Library/CloudStorage/OneDrive-ASKERİFABRİKAVETERSANEİŞLETMEA.Ş(ASFAT)/kisiselAlan/AKU_Doktora/gitReview/OWISAC_PRISMA_Review,data/batch1_selection_preview.csv,batch1_selection_preview.csv,.csv,data,1,10322,2025-09-23T08:00:38.770243+00:00,yes
/Users/bastt/Library/CloudStorage/OneDrive-ASKERİFABRİKAVETERSANEİŞLETMEA.Ş(ASFAT)/kisiselAlan/AKU_Doktora/gitReview/OWISAC_PRISMA_Review,data/dedup_log.csv,dedup_log.csv,.csv,data,1,65,2025-10-01T20:49:35.813156+00:00,yes
/Users/bastt/Library/CloudStorage/OneDrive-ASKERİFABRİKAVETERSANEİŞLETMEA.Ş(ASFAT)/kisiselAlan/AKU_Doktora/gitReview/OWISAC_PRISMA_Review,data/elicit_v1_2025-09-18.csv,elicit_v1_2025-09-18.csv,.csv,data,1,1230305,2025-09-23T08:00:38.772875+00:00,yes
/Users/bastt/Library/CloudStorage/OneDrive-ASKERİFABRİKAVETERSANEİŞLETMEA.Ş(ASFAT)/kisiselAlan/AKU_Doktora/gitReview/OWISAC_PRISMA_Review,data/elicit_v1_2025-09-18.xlsx,elicit_v1_2025-09-18.xlsx,.xlsx,data,1,364347,2025-09-23T08:00:38.773891+00:00,yes
/Users/bastt/Library/CloudStorage/OneDrive-ASKERİFABRİKAVETERSANEİŞLETMEA.Ş(ASFAT)/kisiselAlan/AKU_Doktora/gitReview/OWISAC_PRISMA_Review,data/excluded_studies.csv,excluded_studies.csv,.csv,data,1,175,2025-10-01T22:06:22.992516+00:00,yes
/Users/bastt/Library/CloudStorage/OneDrive-ASKERİFABRİKAVETERSANEİŞLETMEA.Ş(ASFAT)/kisiselAlan/AKU_Doktora/gitReview/OWISAC_PRISMA_Review,data/included_studies.csv,included_studies.csv,.csv,data,1,265,2025-10-01T22:42:08.100515+00:00,yes
/Users/bastt/Library/CloudStorage/OneDrive-ASKERİFABRİKAVETERSANEİŞLETMEA.Ş(ASFAT)/kisiselAlan/AKU_Doktora/gitReview/OWISAC_PRISMA_Review,data/included_studies_seed.csv,included_studies_seed.csv,.csv,data,1,4438234,2025-09-23T08:00:38.788962+00:00,yes
/Users/bastt/Library/CloudStorage/OneDrive-ASKERİFABRİKAVETERSANEİŞLETMEA.Ş(ASFAT)/kisiselAlan/AKU_Doktora/gitReview/OWISAC_PRISMA_Review,data/screening_log.csv,screening_log.csv,.csv,data,1,713,2025-10-01T22:32:08.827648+00:00,yes
/Users/bastt/Library/CloudStorage/OneDrive-ASKERİFABRİKAVETERSANEİŞLETMEA.Ş(ASFAT)/kisiselAlan/AKU_Doktora/gitReview/OWISAC_PRISMA_Review,data/search_log.csv,search_log.csv,.csv,data,1,629,2025-10-05T19:42:35.069394+00:00,yes
/Users/bastt/Library/CloudStorage/OneDrive-ASKERİFABRİKAVETERSANEİŞLETMEA.Ş(ASFAT)/kisiselAlan/AKU_Doktora/gitReview/OWISAC_PRISMA_Review,docs/Automation_Guide.md,Automation_Guide.md,.md,docs,1,9396,2025-09-29T21:11:06.171839+00:00,yes
/Users/bastt/Library/CloudStorage/OneDrive-ASKERİFABRİKAVETERSANEİŞLETMEA.Ş(ASFAT)/kisiselAlan/AKU_Doktora/gitReview/OWISAC_PRISMA_Review,docs/README.md,README.md,.md,docs,1,1,2025-09-23T08:00:38.790321+00:00,yes
/Users/bastt/Library/CloudStorage/OneDrive-ASKERİFABRİKAVETERSANEİŞLETMEA.Ş(ASFAT)/kisiselAlan/AKU_Doktora/gitReview/OWISAC_PRISMA_Review,docs/prisma_flow.md,prisma_flow.md,.md,docs,1,706,2025-10-05T19:48:05.397107+00:00,yes
/Users/bastt/Library/CloudStorage/OneDrive-ASKERİFABRİKAVETERSANEİŞLETMEA.Ş(ASFAT)/kisiselAlan/AKU_Doktora/gitReview/OWISAC_PRISMA_Review,docs/review_structure.md,review_structure.md,.md,docs,1,2372,2025-09-23T08:00:38.790469+00:00,yes
/Users/bastt/Library/CloudStorage/OneDrive-ASKERİFABRİKAVETERSANEİŞLETMEA.Ş(ASFAT)/kisiselAlan/AKU_Doktora/gitReview/OWISAC_PRISMA_Review,manuscript/full_article.md,full_article.md,.md,manuscript,1,1375,2025-09-29T21:16:38.414093+00:00,no
/Users/bastt/Library/CloudStorage/OneDrive-ASKERİFABRİKAVETERSANEİŞLETMEA.Ş(ASFAT)/kisiselAlan/AKU_Doktora/gitReview/OWISAC_PRISMA_Review,manuscript/review_article.md,review_article.md,.md,manuscript,1,12666,2025-09-30T20:50:49.011025+00:00,yes
/Users/bastt/Library/CloudStorage/OneDrive-ASKERİFABRİKAVETERSANEİŞLETMEA.Ş(ASFAT)/kisiselAlan/AKU_Doktora/gitReview/OWISAC_PRISMA_Review,memory-bank/activeContext.md,activeContext.md,.md,memory-bank,1,5640,2025-10-05T19:49:21.651007+00:00,yes
/Users/bastt/Library/CloudStorage/OneDrive-ASKERİFABRİKAVETERSANEİŞLETMEA.Ş(ASFAT)/kisiselAlan/AKU_Doktora/gitReview/OWISAC_PRISMA_Review,memory-bank/productContext.md,productContext.md,.md,memory-bank,1,506,2025-10-01T20:01:25.804621+00:00,yes
/Users/bastt/Library/CloudStorage/OneDrive-ASKERİFABRİKAVETERSANEİŞLETMEA.Ş(ASFAT)/kisiselAlan/AKU_Doktora/gitReview/OWISAC_PRISMA_Review,memory-bank/progress.md,progress.md,.md,memory-bank,1,4262,2025-10-05T19:51:20.567079+00:00,yes
/Users/bastt/Library/CloudStorage/OneDrive-ASKERİFABRİKAVETERSANEİŞLETMEA.Ş(ASFAT)/kisiselAlan/AKU_Doktora/gitReview/OWISAC_PRISMA_Review,memory-bank/projectbrief.md,projectbrief.md,.md,memory-bank,1,796,2025-10-01T20:01:30.076338+00:00,yes
/Users/bastt/Library/CloudStorage/OneDrive-ASKERİFABRİKAVETERSANEİŞLETMEA.Ş(ASFAT)/kisiselAlan/AKU_Doktora/gitReview/OWISAC_PRISMA_Review,memory-bank/systemPatterns.md,systemPatterns.md,.md,memory-bank,1,980,2025-10-01T20:01:20.825105+00:00,yes
/Users/bastt/Library/CloudStorage/OneDrive-ASKERİFABRİKAVETERSANEİŞLETMEA.Ş(ASFAT)/kisiselAlan/AKU_Doktora/gitReview/OWISAC_PRISMA_Review,memory-bank/techContext.md,techContext.md,.md,memory-bank,1,638,2025-10-01T20:01:17.481879+00:00,yes
/Users/bastt/Library/CloudStorage/OneDrive-ASKERİFABRİKAVETERSANEİŞLETMEA.Ş(ASFAT)/kisiselAlan/AKU_Doktora/gitReview/OWISAC_PRISMA_Review,protocol/AMENDMENTS.md,AMENDMENTS.md,.md,protocol,1,87,2025-09-23T08:19:47.643720+00:00,yes
/Users/bastt/Library/CloudStorage/OneDrive-ASKERİFABRİKAVETERSANEİŞLETMEA.Ş(ASFAT)/kisiselAlan/AKU_Doktora/gitReview/OWISAC_PRISMA_Review,protocol/codebook.md,codebook.md,.md,protocol,1,5025,2025-09-23T08:00:38.791206+00:00,yes
/Users/bastt/Library/CloudStorage/OneDrive-ASKERİFABRİKAVETERSANEİŞLETMEA.Ş(ASFAT)/kisiselAlan/AKU_Doktora/gitReview/OWISAC_PRISMA_Review,protocol/data_extraction_form.xlsx,data_extraction_form.xlsx,.xlsx,protocol,1,5808,2025-09-23T08:00:38.778098+00:00,yes
/Users/bastt/Library/CloudStorage/OneDrive-ASKERİFABRİKAVETERSANEİŞLETMEA.Ş(ASFAT)/kisiselAlan/AKU_Doktora/gitReview/OWISAC_PRISMA_Review,protocol/prisma_checklist.md,prisma_checklist.md,.md,protocol,1,1891,2025-09-27T22:18:41.487519+00:00,yes
/Users/bastt/Library/CloudStorage/OneDrive-ASKERİFABRİKAVETERSANEİŞLETMEA.Ş(ASFAT)/kisiselAlan/AKU_Doktora/gitReview/OWISAC_PRISMA_Review,protocol/prisma_checklist_mapped.md,prisma_checklist_mapped.md,.md,protocol,1,3320,2025-09-27T22:44:46.022782+00:00,yes
/Users/bastt/Library/CloudStorage/OneDrive-ASKERİFABRİKAVETERSANEİŞLETMEA.Ş(ASFAT)/kisiselAlan/AKU_Doktora/gitReview/OWISAC_PRISMA_Review,protocol/prisma_protocol.md,prisma_protocol.md,.md,protocol,1,1590,2025-09-27T22:12:08.445257+00:00,yes
/Users/bastt/Library/CloudStorage/OneDrive-ASKERİFABRİKAVETERSANEİŞLETMEA.Ş(ASFAT)/kisiselAlan/AKU_Doktora/gitReview/OWISAC_PRISMA_Review,protocol/risk_of_bias_tool.md,risk_of_bias_tool.md,.md,protocol,1,120,2025-09-23T08:19:47.644236+00:00,yes
/Users/bastt/Library/CloudStorage/OneDrive-ASKERİFABRİKAVETERSANEİŞLETMEA.Ş(ASFAT)/kisiselAlan/AKU_Doktora/gitReview/OWISAC_PRISMA_Review,protocol/search_strategy.md,search_strategy.md,.md,protocol,1,4041,2025-09-30T21:59:13.807179+00:00,yes
/Users/bastt/Library/CloudStorage/OneDrive-ASKERİFABRİKAVETERSANEİŞLETMEA.Ş(ASFAT)/kisiselAlan/AKU_Doktora/gitReview/OWISAC_PRISMA_Review,results/README.md,README.md,.md,results,1,36,2025-09-23T08:22:28.977665+00:00,yes
/Users/bastt/Library/CloudStorage/OneDrive-ASKERİFABRİKAVETERSANEİŞLETMEA.Ş(ASFAT)/kisiselAlan/AKU_Doktora/gitReview/OWISAC_PRISMA_Review,results/consistency_fix_report.txt,consistency_fix_report.txt,.txt,results,1,437,2025-10-01T22:32:08.827802+00:00,yes
/Users/bastt/Library/CloudStorage/OneDrive-ASKERİFABRİKAVETERSANEİŞLETMEA.Ş(ASFAT)/kisiselAlan/AKU_Doktora/gitReview/OWISAC_PRISMA_Review,results/prisma_counts.json,prisma_counts.json,.json,results,1,490,2025-10-05T19:47:14.022893+00:00,yes
/Users/bastt/Library/CloudStorage/OneDrive-ASKERİFABRİKAVETERSANEİŞLETMEA.Ş(ASFAT)/kisiselAlan/AKU_Doktora/gitReview/OWISAC_PRISMA_Review,results/qa_data_report.txt,qa_data_report.txt,.txt,results,1,328,2025-10-05T19:47:01.762999+00:00,yes
/Users/bastt/Library/CloudStorage/OneDrive-ASKERİFABRİKAVETERSANEİŞLETMEA.Ş(ASFAT)/kisiselAlan/AKU_Doktora/gitReview/OWISAC_PRISMA_Review,scripts/run_pipeline.py,run_pipeline.py,.py,scripts,1,1414,2025-09-29T21:06:34.682454+00:00,yes
/Users/bastt/Library/CloudStorage/OneDrive-ASKERİFABRİKAVETERSANEİŞLETMEA.Ş(ASFAT)/kisiselAlan/AKU_Doktora/gitReview/OWISAC_PRISMA_Review,templates/Data_Extraction_Template.md,Data_Extraction_Template.md,.md,templates,1,8873,2025-09-26T04:25:24+00:00,yes
/Users/bastt/Library/CloudStorage/OneDrive-ASKERİFABRİKAVETERSANEİŞLETMEA.Ş(ASFAT)/kisiselAlan/AKU_Doktora/gitReview/OWISAC_PRISMA_Review,templates/GRADE_Assessment_Template.md,GRADE_Assessment_Template.md,.md,templates,1,12559,2025-09-26T04:25:24+00:00,yes
/Users/bastt/Library/CloudStorage/OneDrive-ASKERİFABRİKAVETERSANEİŞLETMEA.Ş(ASFAT)/kisiselAlan/AKU_Doktora/gitReview/OWISAC_PRISMA_Review,templates/Implementation_Roadmap.md,Implementation_Roadmap.md,.md,templates,1,12826,2025-09-26T04:25:24+00:00,yes
/Users/bastt/Library/CloudStorage/OneDrive-ASKERİFABRİKAVETERSANEİŞLETMEA.Ş(ASFAT)/kisiselAlan/AKU_Doktora/gitReview/OWISAC_PRISMA_Review,templates/PRISMA_2020_Complete_Guide.md,PRISMA_2020_Complete_Guide.md,.md,templates,1,10210,2025-09-26T04:25:24+00:00,yes
/Users/bastt/Library/CloudStorage/OneDrive-ASKERİFABRİKAVETERSANEİŞLETMEA.Ş(ASFAT)/kisiselAlan/AKU_Doktora/gitReview/OWISAC_PRISMA_Review,templates/PROSPERO_Registration_Template.md,PROSPERO_Registration_Template.md,.md,templates,1,15721,2025-09-26T04:25:24+00:00,yes
/Users/bastt/Library/CloudStorage/OneDrive-ASKERİFABRİKAVETERSANEİŞLETMEA.Ş(ASFAT)/kisiselAlan/AKU_Doktora/gitReview/OWISAC_PRISMA_Review,templates/Risk_of_Bias_Assessment_Template.md,Risk_of_Bias_Assessment_Template.md,.md,templates,1,9721,2025-09-26T04:25:24+00:00,yes
/Users/bastt/Library/CloudStorage/OneDrive-ASKERİFABRİKAVETERSANEİŞLETMEA.Ş(ASFAT)/kisiselAlan/AKU_Doktora/gitReview/OWISAC_PRISMA_Review,data/_backup/excluded_studies.csv.bak,excluded_studies.csv.bak,.bak,data/_backup,2,1303986,2025-09-23T08:00:38.776121+00:00,yes
/Users/bastt/Library/CloudStorage/OneDrive-ASKERİFABRİKAVETERSANEİŞLETMEA.Ş(ASFAT)/kisiselAlan/AKU_Doktora/gitReview/OWISAC_PRISMA_Review,data/_backup/excluded_studies.csv.bak.20250929003418,excluded_studies.csv.bak.20250929003418,.20250929003418,data/_backup,2,159,2025-09-28T21:34:18.906464+00:00,yes
/Users/bastt/Library/CloudStorage/OneDrive-ASKERİFABRİKAVETERSANEİŞLETMEA.Ş(ASFAT)/kisiselAlan/AKU_Doktora/gitReview/OWISAC_PRISMA_Review,data/_backup/included_studies.csv.bak,included_studies.csv.bak,.bak,data/_backup,2,505648,2025-09-23T21:28:12.349367+00:00,yes
/Users/bastt/Library/CloudStorage/OneDrive-ASKERİFABRİKAVETERSANEİŞLETMEA.Ş(ASFAT)/kisiselAlan/AKU_Doktora/gitReview/OWISAC_PRISMA_Review,data/_backup/included_studies.csv.bak.20250929003418,included_studies.csv.bak.20250929003418,.20250929003418,data/_backup,2,100,2025-09-28T21:34:18.906737+00:00,yes
/Users/bastt/Library/CloudStorage/OneDrive-ASKERİFABRİKAVETERSANEİŞLETMEA.Ş(ASFAT)/kisiselAlan/AKU_Doktora/gitReview/OWISAC_PRISMA_Review,data/_backup/screening_log.csv.bak,screening_log.csv.bak,.bak,data/_backup,2,112,2025-09-23T08:00:38.790166+00:00,yes
/Users/bastt/Library/CloudStorage/OneDrive-ASKERİFABRİKAVETERSANEİŞLETMEA.Ş(ASFAT)/kisiselAlan/AKU_Doktora/gitReview/OWISAC_PRISMA_Review,data/_backup/screening_log.csv.bak.20250929003418,screening_log.csv.bak.20250929003418,.20250929003418,data/_backup,2,428,2025-09-28T21:34:18.906100+00:00,yes
/Users/bastt/Library/CloudStorage/OneDrive-ASKERİFABRİKAVETERSANEİŞLETMEA.Ş(ASFAT)/kisiselAlan/AKU_Doktora/gitReview/OWISAC_PRISMA_Review,data/extraction/readme.md,readme.md,.md,data/extraction,2,7,2025-09-23T08:00:38.776361+00:00,yes
/Users/bastt/Library/CloudStorage/OneDrive-ASKERİFABRİKAVETERSANEİŞLETMEA.Ş(ASFAT)/kisiselAlan/AKU_Doktora/gitReview/OWISAC_PRISMA_Review,data/extraction/review_ancor_outputs - Sheet1.csv,review_ancor_outputs - Sheet1.csv,.csv,data/extraction,2,261069,2025-09-23T08:00:38.777228+00:00,yes
/Users/bastt/Library/CloudStorage/OneDrive-ASKERİFABRİKAVETERSANEİŞLETMEA.Ş(ASFAT)/kisiselAlan/AKU_Doktora/gitReview/OWISAC_PRISMA_Review,data/extraction/review_ancor_outputs_with_QA_and_sections.xlsx,review_ancor_outputs_with_QA_and_sections.xlsx,.xlsx,data/extraction,2,101531,2025-09-23T08:00:38.777553+00:00,yes
/Users/bastt/Library/CloudStorage/OneDrive-ASKERİFABRİKAVETERSANEİŞLETMEA.Ş(ASFAT)/kisiselAlan/AKU_Doktora/gitReview/OWISAC_PRISMA_Review,data/extraction/sheet1_with_bucket_and_QA.csv,sheet1_with_bucket_and_QA.csv,.csv,data/extraction,2,266630,2025-09-23T08:00:38.777871+00:00,yes
/Users/bastt/Library/CloudStorage/OneDrive-ASKERİFABRİKAVETERSANEİŞLETMEA.Ş(ASFAT)/kisiselAlan/AKU_Doktora/gitReview/OWISAC_PRISMA_Review,data/extraction/synthesis_input_demo.csv,synthesis_input_demo.csv,.csv,data/extraction,2,301,2025-09-28T20:23:05.390841+00:00,yes
/Users/bastt/Library/CloudStorage/OneDrive-ASKERİFABRİKAVETERSANEİŞLETMEA.Ş(ASFAT)/kisiselAlan/AKU_Doktora/gitReview/OWISAC_PRISMA_Review,data/master/final_extraction_PLACEHOLDER.xlsx,final_extraction_PLACEHOLDER.xlsx,.xlsx,data/master,2,101531,2025-09-23T08:20:14.665854+00:00,yes
/Users/bastt/Library/CloudStorage/OneDrive-ASKERİFABRİKAVETERSANEİŞLETMEA.Ş(ASFAT)/kisiselAlan/AKU_Doktora/gitReview/OWISAC_PRISMA_Review,data/master/readme.md,readme.md,.md,data/master,2,40,2025-09-23T08:20:14.666607+00:00,yes
/Users/bastt/Library/CloudStorage/OneDrive-ASKERİFABRİKAVETERSANEİŞLETMEA.Ş(ASFAT)/kisiselAlan/AKU_Doktora/gitReview/OWISAC_PRISMA_Review,data/qa_logs/qa_log.csv,qa_log.csv,.csv,data/qa_logs,2,7921,2025-09-23T08:00:38.789954+00:00,yes
/Users/bastt/Library/CloudStorage/OneDrive-ASKERİFABRİKAVETERSANEİŞLETMEA.Ş(ASFAT)/kisiselAlan/AKU_Doktora/gitReview/OWISAC_PRISMA_Review,data/qa_logs/rm.md,rm.md,.md,data/qa_logs,2,7,2025-09-23T08:00:38.790070+00:00,yes
/Users/bastt/Library/CloudStorage/OneDrive-ASKERİFABRİKAVETERSANEİŞLETMEA.Ş(ASFAT)/kisiselAlan/AKU_Doktora/gitReview/OWISAC_PRISMA_Review,docs/PRISMA_statement/README.md,README.md,.md,docs/PRISMA_statement,2,1370,2025-09-26T04:25:24+00:00,yes
/Users/bastt/Library/CloudStorage/OneDrive-ASKERİFABRİKAVETERSANEİŞLETMEA.Ş(ASFAT)/kisiselAlan/AKU_Doktora/gitReview/OWISAC_PRISMA_Review,docs/PRISMA_statement/links.md,links.md,.md,docs/PRISMA_statement,2,647,2025-09-26T04:25:24+00:00,yes
/Users/bastt/Library/CloudStorage/OneDrive-ASKERİFABRİKAVETERSANEİŞLETMEA.Ş(ASFAT)/kisiselAlan/AKU_Doktora/gitReview/OWISAC_PRISMA_Review,docs/checklists/PRISMA_2020_checklist.md,PRISMA_2020_checklist.md,.md,docs/checklists,2,2425,2025-10-05T19:48:13.268140+00:00,yes
/Users/bastt/Library/CloudStorage/OneDrive-ASKERİFABRİKAVETERSANEİŞLETMEA.Ş(ASFAT)/kisiselAlan/AKU_Doktora/gitReview/OWISAC_PRISMA_Review,docs/checklists/PRISMA_S_checklist.md,PRISMA_S_checklist.md,.md,docs/checklists,2,1434,2025-10-05T19:48:13.267914+00:00,yes
/Users/bastt/Library/CloudStorage/OneDrive-ASKERİFABRİKAVETERSANEİŞLETMEA.Ş(ASFAT)/kisiselAlan/AKU_Doktora/gitReview/OWISAC_PRISMA_Review,manuscript/sections/00_abstract.md,00_abstract.md,.md,manuscript/sections,2,45,2025-09-26T10:07:57.689028+00:00,yes
/Users/bastt/Library/CloudStorage/OneDrive-ASKERİFABRİKAVETERSANEİŞLETMEA.Ş(ASFAT)/kisiselAlan/AKU_Doktora/gitReview/OWISAC_PRISMA_Review,manuscript/sections/01_introduction.md,01_introduction.md,.md,manuscript/sections,2,2035,2025-09-30T20:45:38.274998+00:00,yes
/Users/bastt/Library/CloudStorage/OneDrive-ASKERİFABRİKAVETERSANEİŞLETMEA.Ş(ASFAT)/kisiselAlan/AKU_Doktora/gitReview/OWISAC_PRISMA_Review,manuscript/sections/02_methods.md,02_methods.md,.md,manuscript/sections,2,4124,2025-09-30T20:45:58.793542+00:00,yes
/Users/bastt/Library/CloudStorage/OneDrive-ASKERİFABRİKAVETERSANEİŞLETMEA.Ş(ASFAT)/kisiselAlan/AKU_Doktora/gitReview/OWISAC_PRISMA_Review,manuscript/sections/03_results.md,03_results.md,.md,manuscript/sections,2,2968,2025-09-30T20:50:23.047695+00:00,yes
/Users/bastt/Library/CloudStorage/OneDrive-ASKERİFABRİKAVETERSANEİŞLETMEA.Ş(ASFAT)/kisiselAlan/AKU_Doktora/gitReview/OWISAC_PRISMA_Review,manuscript/sections/04_discussion.md,04_discussion.md,.md,manuscript/sections,2,2552,2025-09-30T20:50:41.001378+00:00,yes
/Users/bastt/Library/CloudStorage/OneDrive-ASKERİFABRİKAVETERSANEİŞLETMEA.Ş(ASFAT)/kisiselAlan/AKU_Doktora/gitReview/OWISAC_PRISMA_Review,manuscript/sections/05_conclusion.md,05_conclusion.md,.md,manuscript/sections,2,74,2025-09-26T10:22:41.958991+00:00,yes
/Users/bastt/Library/CloudStorage/OneDrive-ASKERİFABRİKAVETERSANEİŞLETMEA.Ş(ASFAT)/kisiselAlan/AKU_Doktora/gitReview/OWISAC_PRISMA_Review,manuscript/sections/06_acknowledgments.md,06_acknowledgments.md,.md,manuscript/sections,2,759,2025-09-27T22:49:15.658378+00:00,yes
/Users/bastt/Library/CloudStorage/OneDrive-ASKERİFABRİKAVETERSANEİŞLETMEA.Ş(ASFAT)/kisiselAlan/AKU_Doktora/gitReview/OWISAC_PRISMA_Review,manuscript/sections/07_references.md,07_references.md,.md,manuscript/sections,2,93,2025-09-26T10:07:57.703150+00:00,yes
/Users/bastt/Library/CloudStorage/OneDrive-ASKERİFABRİKAVETERSANEİŞLETMEA.Ş(ASFAT)/kisiselAlan/AKU_Doktora/gitReview/OWISAC_PRISMA_Review,results/figures/prisma_flow.png,prisma_flow.png,.png,results/figures,2,12524,2025-10-01T20:06:17.624944+00:00,yes
/Users/bastt/Library/CloudStorage/OneDrive-ASKERİFABRİKAVETERSANEİŞLETMEA.Ş(ASFAT)/kisiselAlan/AKU_Doktora/gitReview/OWISAC_PRISMA_Review,results/snippets/methods_boilerplate.md,methods_boilerplate.md,.md,results/snippets,2,1211,2025-10-05T19:48:13.267582+00:00,yes
/Users/bastt/Library/CloudStorage/OneDrive-ASKERİFABRİKAVETERSANEİŞLETMEA.Ş(ASFAT)/kisiselAlan/AKU_Doktora/gitReview/OWISAC_PRISMA_Review,results/snippets/prisma_counts.md,prisma_counts.md,.md,results/snippets,2,423,2025-10-05T19:47:14.023443+00:00,yes
/Users/bastt/Library/CloudStorage/OneDrive-ASKERİFABRİKAVETERSANEİŞLETMEA.Ş(ASFAT)/kisiselAlan/AKU_Doktora/gitReview/OWISAC_PRISMA_Review,results/synthesis_tables/README.md,README.md,.md,results/synthesis_tables,2,30,2025-09-23T08:22:28.978312+00:00,yes
/Users/bastt/Library/CloudStorage/OneDrive-ASKERİFABRİKAVETERSANEİŞLETMEA.Ş(ASFAT)/kisiselAlan/AKU_Doktora/gitReview/OWISAC_PRISMA_Review,results/synthesis_tables/architectures.csv,architectures.csv,.csv,results/synthesis_tables,2,112,2025-10-01T20:06:17.829215+00:00,yes
/Users/bastt/Library/CloudStorage/OneDrive-ASKERİFABRİKAVETERSANEİŞLETMEA.Ş(ASFAT)/kisiselAlan/AKU_Doktora/gitReview/OWISAC_PRISMA_Review,results/synthesis_tables/architectures.md,architectures.md,.md,results/synthesis_tables,2,178,2025-10-01T20:06:17.829513+00:00,yes
/Users/bastt/Library/CloudStorage/OneDrive-ASKERİFABRİKAVETERSANEİŞLETMEA.Ş(ASFAT)/kisiselAlan/AKU_Doktora/gitReview/OWISAC_PRISMA_Review,results/synthesis_tables/rob_summary.md,rob_summary.md,.md,results/synthesis_tables,2,471,2025-10-01T20:06:17.850944+00:00,yes
/Users/bastt/Library/CloudStorage/OneDrive-ASKERİFABRİKAVETERSANEİŞLETMEA.Ş(ASFAT)/kisiselAlan/AKU_Doktora/gitReview/OWISAC_PRISMA_Review,results/synthesis_tables/subgroups.csv,subgroups.csv,.csv,results/synthesis_tables,2,117,2025-10-01T20:06:17.804972+00:00,yes
/Users/bastt/Library/CloudStorage/OneDrive-ASKERİFABRİKAVETERSANEİŞLETMEA.Ş(ASFAT)/kisiselAlan/AKU_Doktora/gitReview/OWISAC_PRISMA_Review,results/synthesis_tables/subgroups.md,subgroups.md,.md,results/synthesis_tables,2,181,2025-10-01T20:06:17.805338+00:00,yes
/Users/bastt/Library/CloudStorage/OneDrive-ASKERİFABRİKAVETERSANEİŞLETMEA.Ş(ASFAT)/kisiselAlan/AKU_Doktora/gitReview/OWISAC_PRISMA_Review,results/synthesis_tables/summary.csv,summary.csv,.csv,results/synthesis_tables,2,54,2025-10-01T20:06:17.782105+00:00,yes
/Users/bastt/Library/CloudStorage/OneDrive-ASKERİFABRİKAVETERSANEİŞLETMEA.Ş(ASFAT)/kisiselAlan/AKU_Doktora/gitReview/OWISAC_PRISMA_Review,results/synthesis_tables/summary.md,summary.md,.md,results/synthesis_tables,2,113,2025-10-01T20:06:17.782603+00:00,yes
/Users/bastt/Library/CloudStorage/OneDrive-ASKERİFABRİKAVETERSANEİŞLETMEA.Ş(ASFAT)/kisiselAlan/AKU_Doktora/gitReview/OWISAC_PRISMA_Review,results/synthesis_tables/tablesreadme.md,tablesreadme.md,.md,results/synthesis_tables,2,1,2025-09-23T08:00:38.791662+00:00,yes
/Users/bastt/Library/CloudStorage/OneDrive-ASKERİFABRİKAVETERSANEİŞLETMEA.Ş(ASFAT)/kisiselAlan/AKU_Doktora/gitReview/OWISAC_PRISMA_Review,scripts/analysis/analreadme.md,analreadme.md,.md,scripts/analysis,2,11890,2025-09-23T08:00:38.792005+00:00,yes
/Users/bastt/Library/CloudStorage/OneDrive-ASKERİFABRİKAVETERSANEİŞLETMEA.Ş(ASFAT)/kisiselAlan/AKU_Doktora/gitReview/OWISAC_PRISMA_Review,scripts/analysis/build_checklists.py,build_checklists.py,.py,scripts/analysis,2,9686,2025-10-05T19:25:45.565263+00:00,yes
/Users/bastt/Library/CloudStorage/OneDrive-ASKERİFABRİKAVETERSANEİŞLETMEA.Ş(ASFAT)/kisiselAlan/AKU_Doktora/gitReview/OWISAC_PRISMA_Review,scripts/analysis/build_manuscript.py,build_manuscript.py,.py,scripts/analysis,2,1519,2025-10-01T20:06:17.873873+00:00,yes
/Users/bastt/Library/CloudStorage/OneDrive-ASKERİFABRİKAVETERSANEİŞLETMEA.Ş(ASFAT)/kisiselAlan/AKU_Doktora/gitReview/OWISAC_PRISMA_Review,scripts/analysis/compile_manuscript.py,compile_manuscript.py,.py,scripts/analysis,2,1084,2025-09-30T20:48:12.786005+00:00,yes
/Users/bastt/Library/CloudStorage/OneDrive-ASKERİFABRİKAVETERSANEİŞLETMEA.Ş(ASFAT)/kisiselAlan/AKU_Doktora/gitReview/OWISAC_PRISMA_Review,scripts/analysis/compute_prisma_counts.py,compute_prisma_counts.py,.py,scripts/analysis,2,5846,2025-10-01T22:22:47.903033+00:00,yes
/Users/bastt/Library/CloudStorage/OneDrive-ASKERİFABRİKAVETERSANEİŞLETMEA.Ş(ASFAT)/kisiselAlan/AKU_Doktora/gitReview/OWISAC_PRISMA_Review,scripts/analysis/excluded_reasons.py,excluded_reasons.py,.py,scripts/analysis,2,97,2025-09-23T08:22:58.280029+00:00,yes
/Users/bastt/Library/CloudStorage/OneDrive-ASKERİFABRİKAVETERSANEİŞLETMEA.Ş(ASFAT)/kisiselAlan/AKU_Doktora/gitReview/OWISAC_PRISMA_Review,scripts/analysis/insert_counts_snippet.py,insert_counts_snippet.py,.py,scripts/analysis,2,1330,2025-09-29T20:26:59.681141+00:00,yes
/Users/bastt/Library/CloudStorage/OneDrive-ASKERİFABRİKAVETERSANEİŞLETMEA.Ş(ASFAT)/kisiselAlan/AKU_Doktora/gitReview/OWISAC_PRISMA_Review,scripts/analysis/instructions.md,instructions.md,.md,scripts/analysis,2,5474,2025-09-23T08:00:38.792208+00:00,yes
/Users/bastt/Library/CloudStorage/OneDrive-ASKERİFABRİKAVETERSANEİŞLETMEA.Ş(ASFAT)/kisiselAlan/AKU_Doktora/gitReview/OWISAC_PRISMA_Review,scripts/analysis/make_prisma_flow.py,make_prisma_flow.py,.py,scripts/analysis,2,1659,2025-09-26T10:06:25.549885+00:00,yes
/Users/bastt/Library/CloudStorage/OneDrive-ASKERİFABRİKAVETERSANEİŞLETMEA.Ş(ASFAT)/kisiselAlan/AKU_Doktora/gitReview/OWISAC_PRISMA_Review,scripts/analysis/normalize_excluded.py,normalize_excluded.py,.py,scripts/analysis,2,1611,2025-09-28T18:42:23.220437+00:00,yes
/Users/bastt/Library/CloudStorage/OneDrive-ASKERİFABRİKAVETERSANEİŞLETMEA.Ş(ASFAT)/kisiselAlan/AKU_Doktora/gitReview/OWISAC_PRISMA_Review,scripts/analysis/notebooklm_instructions,notebooklm_instructions,,scripts/analysis,2,1828,2025-09-23T08:00:38.792334+00:00,yes
/Users/bastt/Library/CloudStorage/OneDrive-ASKERİFABRİKAVETERSANEİŞLETMEA.Ş(ASFAT)/kisiselAlan/AKU_Doktora/gitReview/OWISAC_PRISMA_Review,scripts/analysis/objectivecsv,objectivecsv,,scripts/analysis,2,548,2025-09-23T08:00:38.792438+00:00,yes
/Users/bastt/Library/CloudStorage/OneDrive-ASKERİFABRİKAVETERSANEİŞLETMEA.Ş(ASFAT)/kisiselAlan/AKU_Doktora/gitReview/OWISAC_PRISMA_Review,scripts/analysis/prisma_counts.py,prisma_counts.py,.py,scripts/analysis,2,3294,2025-09-26T08:37:00.434391+00:00,yes
/Users/bastt/Library/CloudStorage/OneDrive-ASKERİFABRİKAVETERSANEİŞLETMEA.Ş(ASFAT)/kisiselAlan/AKU_Doktora/gitReview/OWISAC_PRISMA_Review,scripts/analysis/render_prisma_flow.py,render_prisma_flow.py,.py,scripts/analysis,2,3054,2025-10-01T22:58:35.510615+00:00,yes
/Users/bastt/Library/CloudStorage/OneDrive-ASKERİFABRİKAVETERSANEİŞLETMEA.Ş(ASFAT)/kisiselAlan/AKU_Doktora/gitReview/OWISAC_PRISMA_Review,scripts/analysis/rob_build_summary.py,rob_build_summary.py,.py,scripts/analysis,2,2922,2025-09-29T21:06:18.140580+00:00,yes
/Users/bastt/Library/CloudStorage/OneDrive-ASKERİFABRİKAVETERSANEİŞLETMEA.Ş(ASFAT)/kisiselAlan/AKU_Doktora/gitReview/OWISAC_PRISMA_Review,scripts/analysis/rob_summary.py,rob_summary.py,.py,scripts/analysis,2,373,2025-09-26T08:34:50.408619+00:00,yes
/Users/bastt/Library/CloudStorage/OneDrive-ASKERİFABRİKAVETERSANEİŞLETMEA.Ş(ASFAT)/kisiselAlan/AKU_Doktora/gitReview/OWISAC_PRISMA_Review,scripts/analysis/run_prisma_flow.py,run_prisma_flow.py,.py,scripts/analysis,2,479,2025-09-27T22:56:33.277585+00:00,yes
/Users/bastt/Library/CloudStorage/OneDrive-ASKERİFABRİKAVETERSANEİŞLETMEA.Ş(ASFAT)/kisiselAlan/AKU_Doktora/gitReview/OWISAC_PRISMA_Review,scripts/analysis/synth_build_architectures.py,synth_build_architectures.py,.py,scripts/analysis,2,1598,2025-09-29T20:59:36.207774+00:00,yes
/Users/bastt/Library/CloudStorage/OneDrive-ASKERİFABRİKAVETERSANEİŞLETMEA.Ş(ASFAT)/kisiselAlan/AKU_Doktora/gitReview/OWISAC_PRISMA_Review,scripts/analysis/synth_build_subgroups.py,synth_build_subgroups.py,.py,scripts/analysis,2,1563,2025-09-29T20:38:52.185205+00:00,yes
/Users/bastt/Library/CloudStorage/OneDrive-ASKERİFABRİKAVETERSANEİŞLETMEA.Ş(ASFAT)/kisiselAlan/AKU_Doktora/gitReview/OWISAC_PRISMA_Review,scripts/analysis/synth_build_table.py,synth_build_table.py,.py,scripts/analysis,2,1325,2025-09-28T20:23:40.506096+00:00,yes
/Users/bastt/Library/CloudStorage/OneDrive-ASKERİFABRİKAVETERSANEİŞLETMEA.Ş(ASFAT)/kisiselAlan/AKU_Doktora/gitReview/OWISAC_PRISMA_Review,scripts/analysis/synth_make_tables.py,synth_make_tables.py,.py,scripts/analysis,2,2628,2025-09-23T21:39:35.818630+00:00,yes
/Users/bastt/Library/CloudStorage/OneDrive-ASKERİFABRİKAVETERSANEİŞLETMEA.Ş(ASFAT)/kisiselAlan/AKU_Doktora/gitReview/OWISAC_PRISMA_Review,scripts/analysis/synth_validate.py,synth_validate.py,.py,scripts/analysis,2,972,2025-09-28T20:23:21.635468+00:00,yes
/Users/bastt/Library/CloudStorage/OneDrive-ASKERİFABRİKAVETERSANEİŞLETMEA.Ş(ASFAT)/kisiselAlan/AKU_Doktora/gitReview/OWISAC_PRISMA_Review,scripts/analysis/validate_data_files.py,validate_data_files.py,.py,scripts/analysis,2,5530,2025-09-27T23:19:26.411585+00:00,yes
/Users/bastt/Library/CloudStorage/OneDrive-ASKERİFABRİKAVETERSANEİŞLETMEA.Ş(ASFAT)/kisiselAlan/AKU_Doktora/gitReview/OWISAC_PRISMA_Review,scripts/analysis/validate_included_studies.py,validate_included_studies.py,.py,scripts/analysis,2,85,2025-09-23T08:22:58.270181+00:00,yes
/Users/bastt/Library/CloudStorage/OneDrive-ASKERİFABRİKAVETERSANEİŞLETMEA.Ş(ASFAT)/kisiselAlan/AKU_Doktora/gitReview/OWISAC_PRISMA_Review,scripts/analysis/validate_prisma_counts.py,validate_prisma_counts.py,.py,scripts/analysis,2,1704,2025-09-27T15:31:02.358899+00:00,yes
/Users/bastt/Library/CloudStorage/OneDrive-ASKERİFABRİKAVETERSANEİŞLETMEA.Ş(ASFAT)/kisiselAlan/AKU_Doktora/gitReview/OWISAC_PRISMA_Review,scripts/automation/checklist_mapper.py,checklist_mapper.py,.py,scripts/automation,2,2304,2025-09-27T22:44:22.775633+00:00,yes
/Users/bastt/Library/CloudStorage/OneDrive-ASKERİFABRİKAVETERSANEİŞLETMEA.Ş(ASFAT)/kisiselAlan/AKU_Doktora/gitReview/OWISAC_PRISMA_Review,scripts/automation/protocol_sync.py,protocol_sync.py,.py,scripts/automation,2,3272,2025-09-27T22:11:44.615994+00:00,yes
/Users/bastt/Library/CloudStorage/OneDrive-ASKERİFABRİKAVETERSANEİŞLETMEA.Ş(ASFAT)/kisiselAlan/AKU_Doktora/gitReview/OWISAC_PRISMA_Review,scripts/demo/seed_dummy.py,seed_dummy.py,.py,scripts/demo,2,1679,2025-09-28T21:34:01.352652+00:00,yes
/Users/bastt/Library/CloudStorage/OneDrive-ASKERİFABRİKAVETERSANEİŞLETMEA.Ş(ASFAT)/kisiselAlan/AKU_Doktora/gitReview/OWISAC_PRISMA_Review,scripts/qa/fix_consistency.py,fix_consistency.py,.py,scripts/qa,2,4904,2025-10-01T22:32:04.557908+00:00,yes
/Users/bastt/Library/CloudStorage/OneDrive-ASKERİFABRİKAVETERSANEİŞLETMEA.Ş(ASFAT)/kisiselAlan/AKU_Doktora/gitReview/OWISAC_PRISMA_Review,scripts/qa/fix_minimal_fields.py,fix_minimal_fields.py,.py,scripts/qa,2,1902,2025-10-01T22:06:18.502627+00:00,yes
/Users/bastt/Library/CloudStorage/OneDrive-ASKERİFABRİKAVETERSANEİŞLETMEA.Ş(ASFAT)/kisiselAlan/AKU_Doktora/gitReview/OWISAC_PRISMA_Review,scripts/qa/validate_data.py,validate_data.py,.py,scripts/qa,2,11708,2025-10-01T22:10:31.916077+00:00,yes
/Users/bastt/Library/CloudStorage/OneDrive-ASKERİFABRİKAVETERSANEİŞLETMEA.Ş(ASFAT)/kisiselAlan/AKU_Doktora/gitReview/OWISAC_PRISMA_Review,scripts/utility/repo_inventory.py,repo_inventory.py,.py,scripts/utility,2,4683,2025-10-05T20:07:34.175443+00:00,no
