title,record_ids,authors_list,repeat_count
A RIS-Based Vehicle DOA Estimation Method With Integrated Sensing and Communication System,"['rec_00037', 'rec_00454']","['Zhimin Chen, Peng Chen, Ziyu Guo, Yudong Zhang, Xianbin Wang', 'Zhimin Chen, Peng Chen, Ziyu Guo, Yudong Zhang, Xianbin Wang']",2
Beamforming in Hybrid RIS assisted Integrated Sensing and Communication Systems,"['rec_00114', 'rec_00287']","['R S Prasobh Sankar, Sundeep Prabhakar Chepuri', 'R. Sankar, S. Chepuri']",2
Circular RIS-Enabled Channel Estimation and Localization for Multi-User ISAC Systems,"['rec_00103', 'rec_00463']","['Yuxing Lin, Shi Jin, Xinping Yi, Michail Matthaiou', 'Yuxing Lin, Shi Jin, M. Matthaiou, Xinping Yi']",2
Enhancing Battlefield Awareness: An Aerial RIS-assisted ISAC System with Deep Reinforcement Learning,"['rec_00112', 'rec_00377']","['Hyunsang Cho, Seonghoon Yoo, Bang Chul Jung, Joonhyuk Kang', 'Hyunsang Cho, Seonghoon Yoo, Bang Chul Jung, Joonhyuk Kang']",2
Fully Autonomous Reconfigurable Metasurfaces with Integrated Sensing and Communication,"['rec_00110', 'rec_00312']","['Hamidreza Taghvaee, Maryam Khodadadi, Gabriele Gradoni, Mohsen Khalily', 'Hamidreza Taghvaee, Maryam Khodadadi, G. Gradoni, Mohsen Khalily']",2
Hybrid NOMA Assisted Integrated Sensing and Communication via RIS,"['rec_00100', 'rec_00282']","['Wanting Lyu, Yue Xiu, Xinyang Li, Songjie Yang, Phee Lep, Yonghui Li, Zhongpei Zhang, Wei Xiang', 'Wanting Lyu, Yue Xiu, Xinyang Li, Songjie Yang, Phee Lep Yeoh, Yonghui Li, Zhongpei Zhang']",2
"Joint Beamforming for RIS-Assisted Integrated Communication, Sensing and Power Transfer Systems","['rec_00099', 'rec_00591']","['Yue Yang, Hui Gao, Xiaoyu Yang, Ruohan Cao, Yongjian Fan', 'Yue Yang, Hui Gao, Xiaoyu Yang, Ruohan Cao, Yongjian Fan']",2
Joint Beamforming for RIS-Assisted Integrated Sensing and Communication Systems,"['rec_00101', 'rec_00307']","['Yongqing Xu, Yong Li, J Andrew Zhang, Marco Di Renzo, Tony Q S Quek', 'Graduate Student Member Ieee Yongqing Xu, Member Ieee Yong Li, S. M. I. J. Andrew Zhang, Fellow Ieee Marco Di Renzo, F. I. Tony Q. S. Quek, Li']",2
Joint Localization and Information Transfer for RIS Aided Full-Duplex Systems,"['rec_00111', 'rec_00426']","['Zhichao Shao, Xiaojun Yuan, Wei Zhang, Marco Di Renzo', 'Z. Shao, Xiaojun Yuan, W. Zhang, M. Di Renzo']",2
Joint Resource Allocation and Reflecting Precoding Design for RIS-Assisted ISAC Systems,"['rec_00054', 'rec_00565']","['Xiaohui Li, Hong Wang, Yunpei Chen, Shuran Sheng', 'Xiaohui Li, Hong Wang, Yunpei Chen, Shuran Sheng']",2
Joint Waveform and Phase Shift Design for RIS-Assisted Integrated Sensing and Communication Based on Mutual Information,"['rec_00021', 'rec_00288']","['Hongliang Zhang', 'Hongliang Zhang']",2
Nested Tensor-Based Framework for ISAC Assisted by Reconfigurable Intelligent Surface,"['rec_00098', 'rec_00364']","['Yua Chen, Jianhe Du, Jianbo Liu, Libiao Jin, Xingwa Li, Daniel Benevides,  Costa, Yuan Cheng', 'Yuan Cheng, Jianhe Du, Jianbo Liu, Libiao Jin, Xingwang Li, D. B. da Costa']",2
Optical Integrated Sensing and Communication System Based on Combination of OIRS and PD Array for Mobile Scenarios,"['rec_00162', 'rec_00223', 'rec_00616']","['Haibo Wang, Zaichen Zhang, Yingmeng Ge, Bingcheng Zhu', 'Haibo Wang, Zaichen Zhang, Yingmeng Ge, Bingcheng Zhu', 'Haibo Wang, Zaichen Zhang, Yingmeng Ge, Bin Zhu']",3
Optical Integrated Sensing and Communication with Light-Emitting Diode,"['rec_00171', 'rec_00373']","['Runxin Zhang, Yulin Shao, Menghan Li, Lu Lu, Yonina C Eldar', 'Runxin Zhang, Yulin Shao, Menghan Li, Lu Lu, Y. Eldar']",2
"Optical Integrated Sensing and Communication: Architectures, Potentials and Challenges","['rec_00241', 'rec_00453']","['Yunfeng Wen, Fang Yang, Jian Song, Zhu Han', 'Yunfeng Wen, Fang Yang, Jian Song, Zhu Han']",2
Photonics-assisted Millimeter-Wave Multiband Integrated Sensing and Communication System Using Coherent Receiving,"['rec_00086', 'rec_00573']","['Wenlin Bai, Peixuan Li, Xihua Zou, Ningyuan Zhong, Wei Pan, Xiong Deng, Lianshan Yan', 'Wenlin Bai, Peixuan Li, X. Zou, Ningyuan Zhong, W. Pan, Xiong Deng, Lianshan Yan']",2
Rate-Splitting Multiple Access for Transmissive Reconfigurable Intelligent Surface Transceiver Empowered ISAC Systems,"['rec_00108', 'rec_00485']","['Wen Chen, Qingqing Wu, Jinhong Yuan, Shanshan Zhang, Zhendong Li, Jun Li, Ziwei Liu', 'Ziwei Liu, Wen Chen, Qing-Bin Wu, Jinghong Yuan, Shanshan Zhang, Zhendong Li, Jun Li']",2
Recent advances in integrated sensing and communication: a synergistic perspective,"['rec_00078', 'rec_00324']","['Yufeng Zhang, Minglun Zhang', 'Yufeng Zhang, Minglun Zhang']",2
Simultaneous Beam Training and Target Sensing in ISAC Systems With RIS,"['rec_00104', 'rec_00292']","['Kangjian Chen, Chenhao Qi, Octavia A Dobre, Geoffrey Ye', 'Kangjian Chen, Chenhao Qi, O. Dobre, Geoffrey Y. Li']",2
Sum Secrecy Rate Optimization in RIS-Assisted ISAC Systems: A Manifold-Based Framework,"['rec_00107', 'rec_00113']","['Mohamed Elsayed, Mahmoud H Ismail, Ahmed Samir, Ahmed S Ibrahim', '-']",2
Transmit Beamforming Design for ISAC With Stacked Intelligent Metasurfaces,"['rec_00106', 'rec_00314']","['Shunyu Li, Fan Zha, Tianqi Mao, Rui Na, Zhaocheng Wang, George K Karagiannidis, Fan Zhang', 'Shunyu Li, Fan Zhang, Tianqi Mao, Rui Na, Zhaocheng Wang, G. Karagiannidis']",2
